{"X":{"0":3.9919477104,"1":4.2567887175,"2":4.2635615674,"3":3.2617788129,"4":3.1375841845,"5":3.3310752242,"6":4.336628338,"7":3.3678498539,"8":4.6495332066,"9":4.9817714377,"10":4.2210942789,"11":3.0115123507,"12":4.4386647155,"13":4.5504886642,"14":3.2338371978,"15":3.6106106412,"16":4.565681008,"17":3.9230957248,"18":3.8202549448,"19":4.3352701874,"20":3.970179516,"21":4.6342637457,"22":4.0659215568,"23":4.8551829168,"24":3.4205045567,"25":3.3825174081,"26":3.7147330751,"27":3.8187945387,"28":3.9405944368,"29":4.8560600792},"Y":{"0":3.0956474468,"1":4.4672788872,"2":4.7186890666,"3":3.5148811946,"4":4.8956722465,"5":3.6802456114,"6":4.2328611762,"7":4.891019099,"8":4.137000278,"9":3.4834872417,"10":4.1612379993,"11":4.4011477481,"12":3.5783049397,"13":3.8528123512,"14":3.254318859,"15":3.7645728008,"16":3.4379162174,"17":3.3466445284,"18":3.5055595056,"19":4.7157004901,"20":4.0083616466,"21":3.9714966016,"22":4.0219943164,"23":4.406991074,"24":3.7191960812,"25":3.0967560925,"26":3.7889239103,"27":4.2599454947,"28":4.6570119047,"29":4.3898041845},"Z":{"0":4.5302696974,"1":4.3645176099,"2":3.3570861391,"3":4.3959911162,"4":4.3344393813,"5":3.6528562476,"6":4.5137212944,"7":4.8008537079,"8":3.5655037688,"9":4.6223588248,"10":4.6451044593,"11":4.7850817081,"12":4.7596564206,"13":4.0049768393,"14":3.1650019961,"15":3.7179548823,"16":4.8885596328,"17":3.21990152,"18":4.299523808,"19":3.4482960663,"20":4.6273754368,"21":4.8354800868,"22":3.7667052503,"23":3.994337966,"24":4.205241247,"25":4.8298011528,"26":4.911788733,"27":4.8218343169,"28":3.9140909043,"29":4.5899890152}}